抓取时间,排名,超话名称,艺人姓名,日新帖,今日新增粉丝,今日签到人数,今日签到,超Like人数,超Like,距离上一名,错误信息
2026-06-28 12:50:06,1,陈奕恒,陈奕恒,144000,2165,130000,130000,18185,18185,,
2026-06-28 12:50:06,2,王橹杰,王橹杰,47000,1649,139000,139000,14384,14384,3801,
2026-06-28 12:50:06,3,陈浚铭,陈浚铭,75000,1324,130000,130000,10929,10929,3455,
2026-06-28 12:50:06,4,左奇函,左奇函,73000,1594,118000,118000,9756,9756,1173,
2026-06-28 12:50:06,5,杨博文,杨博文,45000,1429,109000,109000,9120,9120,636,
2026-06-28 12:50:06,6,张桂源,张桂源,43000,1214,105000,105000,8764,8764,356,
2026-06-28 12:50:06,7,李煜东,李煜东,16000,474,48000,48000,8645,8645,119,
2026-06-28 12:50:06,8,张函瑞,张函瑞,37000,589,152000,152000,7650,7650,995,
2026-06-28 12:50:06,9,张奕然,张奕然,16000,308,32000,32000,5426,5426,2224,
2026-06-28 12:50:06,10,陈思罕,陈思罕,20000,737,41000,41000,4854,4854,572,
2026-06-28 12:50:06,11,魏子宸,魏子宸,7449,629,18000,18000,1524,1524,3330,
2026-06-28 12:50:06,12,聂玮辰,聂玮辰,5225,398,14000,14000,451,451,1073,
2026-06-28 12:50:06,13,杨涵博,杨涵博,2472,177,8188,8188,358,358,93,
2026-06-28 12:50:06,14,官俊臣,官俊臣,864,179,8971,8971,231,231,127,
2026-06-28 12:50:06,15,王烁然,王烁然,307,138,2142,2142,108,108,123,
2026-06-28 13:10:50,1,陈奕恒,陈奕恒,152000,2293,134000,134000,18303,18303,,
2026-06-28 13:10:50,2,王橹杰,王橹杰,50000,1728,143000,143000,14493,14493,3810,
2026-06-28 13:10:50,3,陈浚铭,陈浚铭,78000,1408,133000,133000,10993,10993,3500,
2026-06-28 13:10:50,4,左奇函,左奇函,77000,1689,122000,122000,9804,9804,1189,
2026-06-28 13:10:50,5,杨博文,杨博文,46000,1510,112000,112000,9176,9176,628,
2026-06-28 13:10:50,6,张桂源,张桂源,45000,1297,108000,108000,8813,8813,363,
2026-06-28 13:10:50,7,李煜东,李煜东,17000,498,49000,49000,8724,8724,89,
2026-06-28 13:10:50,8,张函瑞,张函瑞,39000,628,154000,154000,7703,7703,1021,
2026-06-28 13:10:50,9,张奕然,张奕然,17000,324,32000,32000,5480,5480,2223,
2026-06-28 13:10:50,10,陈思罕,陈思罕,22000,776,43000,43000,4889,4889,591,
2026-06-28 13:10:50,11,魏子宸,魏子宸,7761,660,18000,18000,1536,1536,3353,
2026-06-28 13:10:50,12,聂玮辰,聂玮辰,5386,422,14000,14000,452,452,1084,
2026-06-28 13:10:50,13,杨涵博,杨涵博,2572,183,8487,8487,360,360,92,
2026-06-28 13:10:50,14,官俊臣,官俊臣,897,183,9286,9286,232,232,128,
2026-06-28 13:10:50,15,王烁然,王烁然,332,141,2213,2213,108,108,124,
2026-06-28 14:10:38,1,陈奕恒,陈奕恒,172000,2634,144000,144000,18570,18570,,
2026-06-28 14:10:38,2,王橹杰,王橹杰,57000,2010,152000,152000,14765,14765,3805,
2026-06-28 14:10:38,3,陈浚铭,陈浚铭,88000,1607,140000,140000,11137,11137,3628,
2026-06-28 14:10:38,4,左奇函,左奇函,87000,1927,130000,130000,9928,9928,1209,
2026-06-28 14:10:38,5,杨博文,杨博文,52000,1711,119000,119000,9316,9316,612,
2026-06-28 14:10:38,6,张桂源,张桂源,50000,1480,115000,115000,8925,8925,391,
2026-06-28 14:10:38,7,李煜东,李煜东,19000,568,53000,53000,8885,8885,40,
2026-06-28 14:10:38,8,张函瑞,张函瑞,44000,710,158000,158000,7828,7828,1057,
2026-06-28 14:10:38,9,张奕然,张奕然,19000,359,34000,34000,5596,5596,2232,
2026-06-28 14:10:38,10,陈思罕,陈思罕,25000,895,46000,46000,4982,4982,614,
2026-06-28 14:10:38,11,魏子宸,魏子宸,9015,753,19000,19000,1558,1558,3424,
2026-06-28 14:10:38,12,聂玮辰,聂玮辰,6085,471,16000,16000,463,463,1095,
2026-06-28 14:10:38,13,杨涵博,杨涵博,2817,207,9161,9161,363,363,100,
2026-06-28 14:10:38,14,官俊臣,官俊臣,991,202,9960,9960,234,234,129,
2026-06-28 14:10:38,15,王烁然,王烁然,355,157,2396,2396,109,109,125,
2026-06-28 15:10:45,1,陈奕恒,陈奕恒,188000,2922,151000,151000,18753,18753,,
2026-06-28 15:10:45,2,王橹杰,王橹杰,62000,2270,159000,159000,14992,14992,3761,
2026-06-28 15:10:45,3,陈浚铭,陈浚铭,96000,1810,145000,145000,11224,11224,3768,
2026-06-28 15:10:45,4,左奇函,左奇函,95000,2155,136000,136000,10016,10016,1208,
2026-06-28 15:10:45,5,杨博文,杨博文,56000,1877,125000,125000,9411,9411,605,
2026-06-28 15:10:45,6,张桂源,张桂源,55000,1624,120000,120000,9040,9040,371,
2026-06-28 15:10:45,7,李煜东,李煜东,21000,628,56000,56000,9036,9036,4,
2026-06-28 15:10:45,8,张函瑞,张函瑞,48000,787,162000,162000,7951,7951,1085,
2026-06-28 15:10:45,9,张奕然,张奕然,21000,396,36000,36000,5692,5692,2259,
2026-06-28 15:10:45,10,陈思罕,陈思罕,28000,982,48000,48000,5049,5049,643,
2026-06-28 15:10:45,11,魏子宸,魏子宸,9796,821,21000,21000,1580,1580,3469,
2026-06-28 15:10:45,12,聂玮辰,聂玮辰,6495,518,16000,16000,467,467,1113,
2026-06-28 15:10:45,13,杨涵博,杨涵博,2991,222,9703,9703,369,369,98,
2026-06-28 15:10:45,14,官俊臣,官俊臣,1034,224,11000,11000,235,235,134,
2026-06-28 15:10:45,15,王烁然,王烁然,384,167,2546,2546,113,113,122,
